buy,AAPL,2021-05-21T08:00,"Spotify Shares Move Higher; Co Rolling Out Ability To Download Playlists, Albums, Podcasts On Apple Watch"
sell,EXAS,2021-05-21T08:00,"Exact Sciences Highlights Data Being Featured At 2021 Digestive Disease Week May 21-23"
sell,TPVG,2021-05-20T10:00,"A Look Into Financial Services Sector Value Stocks"
sell,AMGN,2021-05-21T07:00,"'Fast Money' Traders Weigh In On IBB And Gilead"
sell,TSLA,2021-05-21T08:00,"Musk Says Russia Is On Tesla's Radar As Potential Production Hub: Report"
sell,NVCN,2021-05-20T16:00,"UPDATE: Neovasc Says Is Currently Reviewing Possibilities For Appeal In Edwards Lifesciences Case"
buyStrong,CUK,2021-05-20T16:00,"Three Carnival Corporation Cruise Line Brands Plan To Resume Cruising in U.S. With Alaska Sailings In July"
sell,FOLD,2021-05-21T07:00,"UBS Initiates Coverage On Amicus Therapeutics with Buy Rating, Announces Price Target of $16"
sell,AA,2021-05-20T10:00,"Alcoa Reports Development Project With Potential To Reduce Carbon Emissions In Alumina Refining Process, Australian Renewable Energy Agency Granted Co.'s Australia Unit $8.8M Grant To Test Use Of Renewable"
buyStrong,AB,2021-05-20T12:00,"AB Sciences Highlights Results From Masitinib Study AB12005 In Pancreatic Cancer; Says Have Been Selected For Presentation At Upcoming ASCO Annual Meeting"
sell,ILMN,2021-05-20T15:00,"Illumina Shares Move Higher, Now Over $400 Level, Following Recent Statement From FTC '...Acting Bureau of Competition Director Maribeth Petrizzi on Bureau's Motion to Dismiss Request for Preliminary Relief in Illumina/GRAIL Case'"
sell,AG,2021-05-20T12:00,"First Majestic Silver Shares Break Above $18 Level, See Spike In Volume; Shares Now Up 4.7% At Session High With Silver; Silver Up ~0.1% For Today"
sell,ARRY,2021-05-20T11:00,"Array Technologies Option Alert: Oct 15 $15 Puts Sweep (4) below Bid!: 5000 @ $2.725 vs 5249 OI; Ref=$15.05"
sell,CAKE,2021-05-20T15:00,"'Halftime Report' Traders Discuss ViacomCBS And Chipotle Upgrades"
sell,SBLK,2021-05-20T14:00,"Jefferies Maintains Buy on Star Bulk Carriers, Raises Price Target to $25"
sell,FEYE,2021-05-20T16:00,"Watching Cybersecurity Stocks Following Tweet From Bloomberg Reporter 'We are about to publish a huge ransomware story.'"
sell,MXIM,2021-05-20T13:00,"Things Are Looking Up For Analog Devices, Bernstein Says"
sell,AAL,2021-05-21T06:00,"American Airlines Says Sabre Had Technical Issue That Impacted Multiple Carriers, Including American; Says Technical Issue Has Been Resolved"
sell,SUN,2021-05-20T10:00,"5 Value Stocks In The Energy Sector"
buyStrong,SUP,2021-05-21T08:00,"Superior Industries Regains Compliance With NYSE Continued Listing Standards"
sell,HUBG,2021-05-20T16:00,"Hub Group Reports Named An EcoConnexions Partner By Canadian Natinoal"
sell,QQQ,2021-05-20T17:00,"DIA Finishes Higher As Apple, Microsoft And Boeing Soar"
sell,JCI,2021-05-20T10:00,"Johnson Controls Reports Expansion Of Partnership With VSBLTY Groupe Technologies To Further Advance Sensormatic Solutions"
sell,ATVI,2021-05-20T13:00,"What's Up With Activision, Netflix And Snap Stock Today?"
sell,RL,2021-05-20T12:00,"Return on Capital Employed Overview: Ralph Lauren"
sell,RCL,2021-05-20T14:00,"'U.S. House of Representatives passes Bill to allow cruise ships to sail to Alaska without stopping in Canada' -Royal Caribbean Blog"
sell,WMS,2021-05-21T08:00,"Barclays Maintains Overweight on Advanced Drainage Systems, Raises Price Target to $130"
sell,BA,2021-05-21T08:00,"Citigroup Maintains Neutral on Boeing, Raises Price Target to $240"
sell,TGT,2021-05-20T12:00,"What 18 Analyst Ratings Have To Say About Target"
buy,ADXS,2021-05-20T11:00,"Advaxis' ADXS-503 Shows Durable Benefit Beyond One Year in Lung Cancer Patients Progressing on Merck's Keytruda"
sell,GOLD,2021-05-20T11:00,"3 Stocks To Consider For The Gold Rally"
sell,NDAQ,2021-05-20T16:00,"Fintech Spotlight: Nasdaq And Benzinga Partner, Express Commitment To Providing Actionable Market Intelligence"
sell,BLUE,2021-05-21T08:00,"bluebird bio Reports Positive CHMP Opinion For SKYSONA Gene Therapy For Patients Less Than 18 Years of Age with Early Cerebral Adrenoleukodystrophy"
sell,F,2021-05-21T00:00,"Here's What Is Going On With Lordstown Motors Stock"
sell,PPG,2021-05-21T08:00,"PPG Says Has Received All Necessary Regulatory Approvals For Acquisition Of Tikkurila"
sell,FLO,2021-05-20T19:00,"Looking into Flowers Foods's Return on Capital Employed"
sell,IBB,2021-05-21T07:00,"'Fast Money' Traders Weigh In On IBB And Gilead"
buy,SVM,2021-05-20T17:00,"Silvercorp Metals Q4 EPS $0.04, Inline, Sales $35.73M Beat $35.00M Estimate"
sell,IKNX,2021-05-20T17:00,"IKONICS Reports Collaboration With Teresa Collins To Accelerate Product Growth & Distribution, No Terms Disclosed"
sell,BP,2021-05-20T12:00,"Analyzing BP's Unusual Options Activity"
buyStrong,R,2021-05-20T10:00,"Ex-Dividend Date Insight: Ryder System"
sell,THG,2021-05-21T07:00,"B of A Securities Initiates Coverage On Hanover Insurance Gr with Buy Rating, Announces Price Target of $166"
sell,T,2021-05-21T08:00,"Is Now The Time To Buy Stock In AT&T, Airbnb Or Cisco?"
sell,PPT,2021-05-20T10:00,"Understanding Putnam Premier Income's Ex-Dividend Date"
sell,BX,2021-05-20T12:00,"Oatly Rallies On Nasdaq Debut: What Investors Need To Know"
sell,ASH,2021-05-20T17:00,"Ashland Global Raises Its Quarterly Dividend From $0.275 To $0.30 Per Share On The Company's Common Stock"
sell,X,2021-05-20T13:00,"8 Materials Stocks With Unusual Options Alerts In Today's Session"
buyStrong,RGLS,2021-05-21T08:00,"Regulus Therapeutics Announces Incremental Update Of Autosomal Dominant Polycystic Kidney Disease (ADPKD) Program"
buy,ROLL,2021-05-21T08:00,"Recap: RBC Bearings Q4 Earnings"
buyStrong,RDN,2021-05-20T10:00,"Ex-Dividend Date Insight: Radian Group"
sell,BANR,2021-05-21T07:00,"Raymond James Maintains Strong Buy on Banner, Raises Price Target to $66"
sell,CB,2021-05-20T12:00,"Chubb Raises Dividend From $0.78 To $0.80"
sell,PFPT,2021-05-21T08:00,"Benzinga Pro's Top 5 Stocks To Watch For Friday, May 21, 2021: PFPT, PIXY, MNMD, WAFU, ZS"
sell,QUIK,2021-05-20T13:00,"Return On Capital Employed Overview: QuickLogic"
buyStrong,NVDA,2021-05-21T09:00,"NVIDIA shares are trading higher after the company announced a 4-for-1 stock split, pending stockholder approval on June 3rd."
sell,ATHM,2021-05-21T08:00,"Autohome shares are trading lower after Macquarie downgraded the stock from Neutral to Underperform and lowered its price target from $109 to $70 per share."
sell,TWTR,2021-05-20T16:00,"'Twitter updates its API to give third-party clients access to 'Likes' data and more' -9to5Mac"
sell,DIN,2021-05-20T17:00,"DIA Finishes Higher As Apple, Microsoft And Boeing Soar"
sell,ICE,2021-05-20T13:00,"ROCE Insights For Intercontinental Exchange"
sell,DIS,2021-05-20T17:00,"'All 3 Disneyland hotels will reopen by July for first time in more than a year' -Orange County Register; Disney Shares Quiet"
buyStrong,CUTR,2021-05-20T13:00,"Cutera shares are trading higher. The company Director Daniel Plants reported the purchase of 664,828 shares at an average price of $29.50 per share in a Form 4 filing on Wednesday."
sell,CS,2021-05-20T12:00,"Oatly Rallies On Nasdaq Debut: What Investors Need To Know"
sell,SRNE,2021-05-20T10:00,"Sorrento Reports Encouraging Data From Sofusa-Administered Enbrel In Rheumatoid Arthritis"
buyStrong,RFIL,2021-05-21T07:00,"RF Industries shares are trading higher after the company announced it received a $7.6 million follow-on order from a tier-1 wireless carrier customer."
sell,INTC,2021-05-21T04:00,"Applied Materials Gives Bullish Forecast For Q3 After Reporting Earnings Beat, With Chip Shortage In Focus"
sell,TM,2021-05-21T05:00,"Apple Supplier TSMC On How Repeat Of Crippling Chip Shortage Can Be Avoided In Future"
sell,FNB,2021-05-21T08:00,"F N B shares are trading higher after Seaport Global initiated coverage on the stock with a Buy rating and a price target of $15 per share."
sell,AHPI,2021-05-20T11:00,"Stocks That Hit 52-Week Lows On Thursday"
sell,AMZN,2021-05-21T06:00,"Amazon's Prime Now Moves to Amazon App"
sell,MSTR,2021-05-20T17:00,"Ideas For Bitcoin Bulls: Taking Advantage Of Fear, Uncertainty, And Doubt By Selling Cash-Secured Puts On These Two Stocks"
sell,ARES,2021-05-20T17:00,"Ares To Acquire Black Creek Group; Terms Not Disclosed"
buyStrong,DE,2021-05-21T08:00,"Deere & Co shares are trading higher after the company reported better-than-expected Q2 EPS and sales results. The company also raised its FY21 sales guidance above analyst estimates."
sell,TU,2021-05-20T10:00,"TELUS Highlights $8M Investment In North Shore Region To Deploy 5G To More Than 10 Communities"
sell,HRL,2021-05-20T16:00,"Why Hormel Foods' Stock Is Trading Higher Today"
buyStrong,ONTX,2021-05-21T08:00,"Onconova Therapeutics Reports Initial Dosing Of First Patient In US Phase 1 Trial On ON123300"
sell,ADI,2021-05-20T16:00,"Why Analog Devices' Stock Is Trading Higher Today"
sell,PGTI,2021-05-20T13:00,"Return On Capital Employed Overview: PGT Innovations"
buy,HWKN,2021-05-20T17:00,"Recap: Hawkins Q4 Earnings"
sell,ADS,2021-05-20T12:00,"Analyst Ratings for Alliance Data Systems"
sell,DX,2021-05-20T10:00,"Analyzing Dynex Cap's Ex-Dividend Date"
sell,SBRA,2021-05-21T08:00,"Sabra Health Care REIT shares are trading higher after BMO Capital upgraded the stock from Market Perform to Outperform and raised its price target from $20 to $21 per share."
sell,JWN,2021-05-20T11:00,"Shares of retail and apparel companies are trading lower as notable names in the sector, including Kohl's and Ralph Lauren, fall despite strong quarterly earnings."
sell,BABA,2021-05-20T16:00,"What's Going On With Nio, Li Auto, Xpeng, Alibaba And Pinduoduo Stock Today?"
sell,CHMG,2021-05-20T18:00,"Chemung Financial Raises Dividend From $0.26 To $0.31"
sell,PBR,2021-05-20T10:00,"5 Value Stocks In The Energy Sector"
sell,DISCA,2021-05-20T12:00,"Harry Potter, Jurassic World and Disney Mobile Game Company Jam City Lands SPAC Deal"
sell,ONCY,2021-05-20T14:00,"Oncolytics Pelareorep/Pembrolizumab Combo Therapy Shows Anti-Cancer Activity In Pancreatic Cancer"
sell,SYY,2021-05-21T08:00,"Barclays Maintains Equal-Weight on Sysco, Raises Price Target to $83"
buy,PCG,2021-05-20T14:00,"PG&E CEO Says Facing 'Extreme And Dangerous' California Fire Season"
sell,DECK,2021-05-21T09:00,"Why Deckers Outdoor's Stock Is Trading Higher Today"
sell,SPLK,2021-05-21T08:00,"Splunk shares are trading higher after UBS upgraded the stock from Sell to Neutral'."
sell,FB,2021-05-21T02:00,"Snapchat Confirms AR Glasses Launch, To Let Users Tip Creators: All You Need To Know"
sell,NLSN,2021-05-21T08:00,"Nielsen shares are trading lower after Citigroup downgraded the stock from Buy to Neutral."
buy,OAS,2021-05-20T17:00,"Oasis Petroleum Updates 2021 Guidance"
buyStrong,FF,2021-05-20T14:00,"FutureFuel shares are trading lower. Not seeing company-specific news from the session."
sell,CSCO,2021-05-21T08:00,"Is Now The Time To Buy Stock In AT&T, Airbnb Or Cisco?"
sell,FOSL,2021-05-20T11:00,"Shares of retail and apparel companies are trading lower as notable names in the sector, including Kohl's and Ralph Lauren, fall despite strong quarterly earnings."
sell,VZ,2021-05-20T10:00,"Verizon Says 5G Live In 60+ Stadiums And Arenas; Says Named 5G Partner For 15 NBA Teams"
sell,BRK.A,2021-05-20T17:00,"JPMorgan Chase Launches Morgan Health: What Investors Need To Know"
buyStrong,FL,2021-05-21T08:00,"Foot Locker shares are trading higher after the company reported better-than-expected Q1 EPS and sales results."
buyStrong,ENR,2021-05-20T10:00,"Ex-Dividend Date Insight: Energizer Holdings"
buy,ENS,2021-05-20T17:00,"EnerSys Q4 EPS $1.30 Beats $1.29 Estimate"
sell,UNH,2021-05-21T09:00,"Truist Securities Maintains Buy on UnitedHealth Group, Raises Price Target to $480"
sell,MSFT,2021-05-21T02:00,"Microsoft Refuses To Hold Back As Apple Accuses It Of Using Epic As 'Staking Horse' In Legal Battle"
buyStrong,NTES,2021-05-20T12:00,"NetEase shares are trading higher on continued strength after the company on Tuesday reported better-than-expected Q1 EPS and sales results."
sell,DLX,2021-05-20T10:00,"Analyzing Deluxe's Ex-Dividend Date"
sell,LLY,2021-05-21T09:00,"Eli Lilly Reports Positive CHMP Opinion For Co.'s Candidate For Treatment Of Adults With Heart Failure Wit Reduced Ejection Fraction"
sell,PRLB,2021-05-21T09:00,"Craig-Hallum Maintains Hold on Proto Labs, Lowers Price Target to $90"
sell,GSK,2021-05-21T08:00,"EMA Says Concluded Sotrovimab Can Be Used To Treat COVID-19 In Adults And Adolescents Not Requiring Supplemental Oxygen Therapy And Risk Of Progressing To Severe COVID-19; Says A Rolling Review Of Sotrovimab, Which Started On 7 May, Is Ongoing"
buyStrong,NKTR,2021-05-20T11:00,"UPDATE: Nektar Highlights 'NKTR-358 Elicited Sustained and Preferential Proliferation of Regulatory T Cells Without Corresponding Effects on T Effector Cells in Preclinical Models'"
sell,MARA,2021-05-20T14:00,"UPDATE: Fed Says Any Central Bank Digital Currency Should Be Complement To, Not Replacement Of, Current Digital Forms Of Dollar Like Bank Deposits"
sell,GOOG,2021-05-21T07:00,"Google Ends Autonomy Talks With Its DeepMind AI Unit"
sell,XOMA,2021-05-21T08:00,"XOMA Licensees To Present Clinical Data At 2021 ASCO Annual Meeting"
sell,ALLY,2021-05-20T14:00,"Fintech Spotlight: MX Onboards Lexi Hall To Empower Regulatory Innovation In Fintech"
sell,BLIN,2021-05-20T10:00,"Bridgeline Digital Reports 'A Health-Centric' Company Has Chosen Bridgeline's Celebros To Improve Digital Experiences For 2 Of Its Websites, No Terms Disclosed"
sell,MOS,2021-05-20T13:00,"8 Materials Stocks With Unusual Options Alerts In Today's Session"
buyStrong,VBIV,2021-05-21T08:00,"VBI Vaccines Announces Agreement To Draw Down $12M Second Tranche Of Debt Financing With K2 HealthVentures"
buy,HOLX,2021-05-20T15:00,"Hologic Shares Quiet Amid Report Co. Received FDA Approval For Its ThinPrep Genesis Processor"
sell,CMCSA,2021-05-20T17:00,"NHL Playoffs: How To Watch, Betting Lines And Predictions For May 20"
sell,BBVA,2021-05-20T14:00,"Fintech Spotlight: MX Onboards Lexi Hall To Empower Regulatory Innovation In Fintech"
sell,PEP,2021-05-21T07:00,"Cramer Weighs In On Hyliion, Paysafe And More"
buyStrong,AXR,2021-05-20T16:00,"Amrep 13D Filing From James Dahl Shows New 7.1% Stake In Co."
sell,CLF,2021-05-20T13:00,"8 Materials Stocks With Unusual Options Alerts In Today's Session"
buy,HD,2021-05-20T16:00,"The Home Depot Announces New $20B Buyback"
buyStrong,MSEX,2021-05-20T16:00,"Middlesex Water Company Files Petition With New Jersey Board Of Public Utilities Requesting An Increase Of Approximately $31M To Its Base Rates In Its Middlesex System."
sell,SQBG,2021-05-20T10:00,"Canopy Growth Names Martha Stewart As Its Official Strategic Advisor"
sell,BIDU,2021-05-20T12:00,"What 14 Analyst Ratings Have To Say About Baidu"
sell,CLR,2021-05-20T17:00,"Continental Resources 8-K Shows Co. Approved Transition Of Harold Hamm From Exec. Chair To Chairman Of The Board"
sell,PFE,2021-05-21T08:00,"Japan Approves AstraZeneca's COVID Vaccine, But Puts Use on Hold Amid Blood Clot Concern"
buyStrong,SGOC,2021-05-20T16:00,"SGOCO Announces Receipt of Deficiency Letter From Nasdaq"
sell,FORTY,2021-05-20T11:00,"Formula Systems Clocks Record Q1 Earnings"
sell,COMM,2021-05-21T08:00,"CommScope shares are trading higher after Evercore ISI Group upgraded the stock from In-Line to Outperform and raised its price target from $19 to $24 per share."
buyStrong,CLWT,2021-05-20T14:00,"Euro Tech shares re trading higher, not seeing company-specific news from the session."
sell,CMG,2021-05-20T16:00,"'Halftime Report' Traders Discuss ViacomCBS And Chipotle Upgrades"
buyStrong,BKE,2021-05-21T08:00,"Buckle shares are trading higher after the company reported Q1 EPS results up from last year and better-than-expected Q1 sales results."
buyStrong,TGLS,2021-05-20T12:00,"Tecnoglass shares are trading higher on above-average volume. Not seeing any company-specific news to justify the price action in the low-float stock."
buyStrong,TIPT,2021-05-20T10:00,"Ex-Dividend Date Insight: Tiptree"
sell,ZNGA,2021-05-20T12:00,"Harry Potter, Jurassic World and Disney Mobile Game Company Jam City Lands SPAC Deal"
sell,EBMT,2021-05-21T09:00,"Eagle Bancorp Montana Highlights Commencement Of Modified Dutch Auction Tender Offer For Purchase Of Up To $6M In Common Stock At Price Between $24 And $26.25/Share"
sell,IP,2021-05-20T13:00,"8 Materials Stocks With Unusual Options Alerts In Today's Session"
buy,GEF,2021-05-20T17:00,"Greif Raises Q2 2021 EPS Guidance From $0.96-$1.06 To $1.11-$1.15"
buyStrong,OMER,2021-05-20T14:00,"Omeros shares are trading lower after the company announced the FDA said it will require additional time to review the Biologics License Application for narsoplimab."
sell,AIZ,2021-05-21T07:00,"B of A Securities Initiates Coverage On Assurant with Buy Rating, Announces Price Target of $207"
sell,CRTO,2021-05-20T11:00,"Criteo Acquires Retail Media Company Mabaya For Undisclosed Terms"
sell,LOW,2021-05-20T12:00,"Where Lowe's Companies Stands With Analysts"
sell,FTNT,2021-05-20T16:00,"Watching Cybersecurity Stocks Following Tweet From Bloomberg Reporter 'We are about to publish a huge ransomware story.'"
sell,AZN,2021-05-21T08:00,"Japan Approves AstraZeneca's COVID Vaccine, But Puts Use on Hold Amid Blood Clot Concern"
sell,CNA,2021-05-20T16:00,"CNA Financial Paid $40M In Ransom After March Attack; Says Payment Bigger Than Previously Disclosed Ransoms"
buy,SABR,2021-05-21T06:00,"American Airlines Says Sabre Had Technical Issue That Impacted Multiple Carriers, Including American; Says Technical Issue Has Been Resolved"
buy,PGR,2021-05-20T11:00,"Price Over Earnings Overview: Progressive"
sell,JD,2021-05-21T09:00,"Susquehanna Maintains Neutral on JD.com, Lowers Price Target to $80"
sell,FCX,2021-05-20T13:00,"8 Materials Stocks With Unusual Options Alerts In Today's Session"
sell,PXD,2021-05-21T08:00,"Pioneer Natural Resources shares are trading higher after Scotiabank upgraded the stock from Sector Perform to Sector Outperform and raised its price target from $175 to $185."
sell,AJG,2021-05-21T08:00,"B of A Securities Initiates Coverage On Arthur J. Gallagher with Underperform Rating, Announces Price Target of $133"
sell,CNI,2021-05-20T16:00,"Kansas City Southern To Strike Deal With Canadian National Instead; Decision Could Be Unveiled By Friday"
buyStrong,MDLY,2021-05-20T15:00,"Medley Mgmt. Shares Spike To Session High On Volume, Up ~13%; Not Seeing News To Justify Move Higher But Keep In Mind This Has Been A Low-Float Momentum Play; Stock Has ~1.1M Shares In Its Float"
sell,AMAT,2021-05-21T09:00,"Susquehanna Maintains Positive on Applied Materials, Raises Price Target to $170"
sell,ORBC,2021-05-20T10:00,"ORBCOMM Reports Global Commercial Reseller Deal With Unseenlabs to Offer Space-Collected Radio Frequency Services For Maritime Surveillance Applications To Co.'s Gov't., Commercial Customers, No Terms Disclosed"
sell,UAL,2021-05-20T10:00,"United Airlines To Resume Service At Manchester-Boston Regional Airport In June 2021"
sell,LPG,2021-05-20T10:00,"5 Value Stocks In The Energy Sector"
sell,CATO,2021-05-20T13:00,"Cato Corporation Resumes Dividend Of $0.11"
sell,CNQ,2021-05-20T12:00,"Understanding Canadian Natural Res's Unusual Options Activity"
sell,MRK,2021-05-20T14:00,"Oncolytics Pelareorep/Pembrolizumab Combo Therapy Shows Anti-Cancer Activity In Pancreatic Cancer"
sell,ATOS,2021-05-21T09:00,"Atossa Therapeutics CEO To Participate In May 24 Virtual Meeting To 'Brief the U.S. Congress On His Research Investigating the Origin of the COVID-19 Pandemic'"
buyStrong,NTP,2021-05-20T12:00,"Nam Tai Property shares are trading higher. Not seeing any company-specific news to justify the price action in the low-float stock."
sell,VALE,2021-05-20T13:00,"8 Materials Stocks With Unusual Options Alerts In Today's Session"
sell,QCOM,2021-05-20T16:00,"'Halftime Report' Traders Advise Viewers On Snowflake, DocuSign And More"
sell,WFC,2021-05-20T10:00,"Wells Fargo Says Will Liquidate Central Fidelity Capital Trust I And Wachovia Capital Trust II Resulting In Cancellation Of Capital Securities And Distribution Of Underlying Debentures To Holders"
sell,ESE,2021-05-20T11:00,"ESCO Technologies to Acquire Utility Technology Supplier Altanova for Undisclosed Terms"
sell,LMRK,2021-05-21T09:00,"Landmark Infrastructure Partners shares are trading higher after Wells Fargo upgraded the stock from Underweight to Equal-Weight and raised its price target from $8 to $13 per share."
sell,CYBR,2021-05-20T16:00,"Watching Cybersecurity Stocks Following Tweet From Bloomberg Reporter 'We are about to publish a huge ransomware story.'"
sell,COG,2021-05-20T13:00,"Looking Into Cabot Oil &amp; Gas's Return On Capital Employed"
sell,FDX,2021-05-20T12:00,"What 7 Analyst Ratings Have To Say About FedEx"
sell,OFS,2021-05-20T10:00,"A Look Into Financial Services Sector Value Stocks"
buyStrong,SNY,2021-05-20T14:00,"Sanofi's Amcenestrant Combo Therapy Shows ORR of 34% In Breast Cancer Patients"
buyStrong,PANW,2021-05-21T09:00,"Why Palo Alto Networks Is Trading Higher Today"
sell,NFLX,2021-05-21T09:00,"'Netflix Seeks Executive to Expand Game Efforts' -The Information Report"
sell,GGB,2021-05-20T13:00,"8 Materials Stocks With Unusual Options Alerts In Today's Session"
sell,ULTA,2021-05-21T09:00,"JP Morgan Maintains Overweight on Ulta Beauty, Raises Price Target to $357"
buy,WWE,2021-05-21T08:00,"WWE To Return To Live Event Touring With 25-City Schedule Through Labor Day; BZ NOTE: It Appears Only 3 Of The Shows Have Been Announced"
sell,KR,2021-05-21T08:00,"Kroger Family Of Companies Reaches Agreement With Local Unions To Improve Security, Stability Of Future Pension Benefits For Associates"
sell,PNFP,2021-05-21T08:00,"Seaport Global Initiates Coverage On Pinnacle Finl Partners with Buy Rating, Announces Price Target of $103"
sell,LAD,2021-05-21T08:00,"Cramer Weighs In On Hyliion, Paysafe And More"
sell,DAL,2021-05-21T08:00,"Delta Airlines Names Dan Janki As New EVP, CFO"
sell,BMY,2021-05-20T14:00,"Bristol-Myers Squibb Says FDA Approves Opdivo As Adjuvant Treatment Of Completely Resected Esophageal Or Gastroesophageal Junction Cancer In Patients Who Have Received Neoadjuvant Chemoradiotherapy"
sell,MCD,2021-05-20T23:00,"What's Going On With Urban One Stock?"
sell,CIDM,2021-05-20T12:00,"Are These 3 Penny Stocks About To Rally?"
sell,QURE,2021-05-21T07:00,"UBS Initiates Coverage On uniQure with Neutral Rating, Announces Price Target of $40"
sell,PIM,2021-05-20T10:00,"Understanding Putnam Master's Ex-Dividend Date"
sell,LB,2021-05-21T08:00,"Morgan Stanley Maintains Overweight on L Brands, Raises Price Target to $84"
sell,DRD,2021-05-20T13:00,"8 Materials Stocks With Unusual Options Alerts In Today's Session"
buyStrong,ROST,2021-05-21T08:00,"Ross Stores shares are trading higher after the company reported better-than-expected Q1 EPS and sales results and announced a $1.5 billion buyback."
sell,ETH,2021-05-20T10:00,"Crypto: Look Out Below - Three Market Technicians See Further Downside, But There's A Potential Bright Spot In The Crypto Orbit"
sell,DRI,2021-05-20T16:00,"'Halftime Report' Traders Discuss ViacomCBS And Chipotle Upgrades"
sell,PLCE,2021-05-21T08:00,"B. Riley Securities Maintains Neutral on Children's Place, Raises Price Target to $92"
sell,LH,2021-05-20T12:00,"Analyst Ratings for Laboratory Corp"
sell,GOOGL,2021-05-21T07:00,"Google Ends Autonomy Talks With Its DeepMind AI Unit"
buyStrong,MTL,2021-05-20T12:00,"Mechel PAO shares are trading higher after the company reported Q1 earnings results."
sell,GHL,2021-05-20T10:00,"A Look Into Financial Services Sector Value Stocks"
sell,SPG,2021-05-21T08:00,"Piper Sandler Maintains Overweight on Simon Property Group, Raises Price Target to $150"
sell,URBN,2021-05-20T11:00,"Shares of retail and apparel companies are trading lower as notable names in the sector, including Kohl's and Ralph Lauren, fall despite strong quarterly earnings."
buyStrong,VFC,2021-05-21T08:00,"VF shares are trading lower after the company reported worse-than-expected Q4 EPS results."
sell,MA,2021-05-20T17:00,"Traders Bet Big On Mastercard's Stock"
sell,FANG,2021-05-21T08:00,"Diamondback Energy shares are trading higher after Scotiabank upgraded the stock from Sector Perform to Sector Outperform and raised its price target from $86 to $95 per share."
sell,AMC,2021-05-20T10:00,"AMC Entertainment Option Alert: Jun 11 $15 Calls Sweep (19) above Ask!: 200 @ $1.27 vs 1533 OI; Ref=$12.185"
sell,AMD,2021-05-20T11:00,"Could Tesla, Square And AMD Breakdown Soon?"
sell,BOTJ,2021-05-20T12:00,"Bank Of The James Financial Declares 10% Stock Dividend"
sell,AMH,2021-05-21T08:00,"Morgan Stanley Maintains Equal-Weight on American Homes 4 Rent, Raises Price Target to $38"
buy,MO,2021-05-20T15:00,"Altria Reaffirms FY21 Earnings Guidance"
sell,SNOW,2021-05-20T16:00,"'Halftime Report' Traders Advise Viewers On Snowflake, DocuSign And More"
sell,CAE,2021-05-20T11:00,"A Look Into CAE's Debt"
sell,MS,2021-05-20T12:00,"Oatly Rallies On Nasdaq Debut: What Investors Need To Know"
sell,GLOP,2021-05-20T10:00,"5 Value Stocks In The Energy Sector"
buyStrong,DSX,2021-05-21T08:00,"Diana Shipping shares are trading higher after the company reported Q1 EPS and sales results."
sell,PLUG,2021-05-20T11:00,"Is Now The Time To Buy Stock In Plug Power Or Hyliion?"
sell,MOSY,2021-05-20T13:00,"MoSys Stock Soars, But Is It Time To Sell?"
sell,TSM,2021-05-21T05:00,"Apple Supplier TSMC On How Repeat Of Crippling Chip Shortage Can Be Avoided In Future"
buy,KAI,2021-05-20T16:00,"Kadant Announces $20M Buyback"
sell,NC,2021-05-20T10:00,"5 Value Stocks In The Energy Sector"
sell,EBAY,2021-05-20T15:00,"EXCLUSIVE: Payoneer CEO Talks Partnerships, Growth Strategy, Earnings On 'SPACs Attack'"
sell,SNPS,2021-05-20T11:00,"A Look Into Synopsys Price Over Earnings"
sell,TREE,2021-05-20T14:00,"LendingTree shares are trading higher after Northland Capital Markets upgraded the stock from Market Perform to Outperform and announced a price target of $225 per share."
sell,ANF,2021-05-20T11:00,"Shares of retail and apparel companies are trading lower as notable names in the sector, including Kohl's and Ralph Lauren, fall despite strong quarterly earnings."
sell,DISH,2021-05-21T07:00,"Benchmark Initiates Coverage On DISH Network with Buy Rating, Announces Price Target of $62"
buyStrong,KAR,2021-05-21T08:00,"KAR Auction Services shares are trading higher after B of A Securities upgraded the stock from Neutral to Buy."
sell,CRM,2021-05-20T15:00,"'Fast Money Halftime Report' Picks For May 20"
buy,PLUS,2021-05-20T16:00,"Recap: ePlus Q4 Earnings"
sell,BIIB,2021-05-21T08:00,"Biogen, Ginkgo Bioworks In Gene Therapy Collaboration Worth $120M"
sell,JPM,2021-05-20T17:00,"JPMorgan Chase Launches Morgan Health: What Investors Need To Know"
sell,BURL,2021-05-21T06:00,"Telsey Advisory Group Maintains Outperform on Burlington Stores, Raises Price Target to $370"
sell,NCLH,2021-05-20T10:00,"Royal Caribbean Shares Falling As Traders Circulate Recent Co. Blog Post 'Royal Caribbean cancels all Vision of the Seas cruises Bermuda'"
sell,KEYS,2021-05-20T11:00,"P/E Ratio Insights for Keysight Technologies"
sell,LPLA,2021-05-21T07:00,"Credit Suisse Downgrades LPL Finl Hldgs to Neutral, Announces $166 Price Target"
buyStrong,OXBR,2021-05-20T14:00,"Oxbridge Re Holdings shares are trading higher. Not seeing company-specific news from the session."
sell,VIPS,2021-05-20T11:00,"P/E Ratio Insights for Vipshop Holdings"
sell,BAC,2021-05-20T12:00,"Unusual Options Activity Insight: Bank of America"
buy,BAH,2021-05-21T07:00,"Booz Allen Hamilton: Q4 Earnings Insights"
buyStrong,KSS,2021-05-20T11:00,"Kohl's shares are trading lower despite better-than-expected Q1 results and raised FY21 guidance."
sell,KSU,2021-05-21T08:00,"CP Says Remains Ready To Re-engage With KCS; CP To Proceed With STB Application Process"
sell,EGO,2021-05-20T11:00,"3 Stocks To Consider For The Gold Rally"
sell,CCL,2021-05-20T17:00,"Carnival Cruises' Holland America Line To Restart Cruising From Seattle To Alaska As Of Jul. 24"
sell,MGI,2021-05-21T08:00,"UPDATE: Ripple Now Has No Ownership Interest In Co. And Ripple's Right To Appoint Moneygram Board Observer Has Terminated"
sell,BRC,2021-05-20T12:00,"Return on Capital Employed Overview: Brady"
sell,MGM,2021-05-20T15:00,"NBA, Action Network, BetMGM Partner On New Sports Betting Show"
sell,NIO,2021-05-20T16:00,"What's Going On With Nio, Li Auto, Xpeng, Alibaba And Pinduoduo Stock Today?"
sell,CDNS,2021-05-20T11:00,"Cadence Highlights New Cadence Spectre FX Simulator"
sell,GILD,2021-05-21T07:00,"'Fast Money' Traders Weigh In On IBB And Gilead"
